[{"inputs":[],"stateMutability":"nonpayable","type":"constructor"},{"anonymous":false,"inputs":[{"indexed":true,"internalType":"address","name":"account","type":"address"},{"indexed":false,"internalType":"bool","name":"status","type":"bool"}],"name":"AccountblacklistUpdated","type":"event"},{"anonymous":false,"inputs":[{"indexed":true,"internalType":"address[]","name":"accounts","type":"address[]"},{"indexed":false,"internalType":"bool","name":"status","type":"bool"}],"name":"AccountsblacklistUpdated","type":"event"},{"anonymous":false,"inputs":[{"indexed":false,"internalType":"address","name":"previousAdmin","type":"address"},{"indexed":false,"internalType":"address","name":"newAdmin","type":"address"}],"name":"AdminChanged","type":"event"},{"anonymous":false,"inputs":[{"indexed":true,"internalType":"address","name":"beacon","type":"address"}],"name":"BeaconUpgraded","type":"event"},{"anonymous":false,"inputs":[{"indexed":true,"internalType":"address","name":"previousOwner","type":"address"},{"indexed":true,"internalType":"address","name":"newOwner","type":"address"}],"name":"OwnershipTransferred","type":"event"},{"anonymous":false,"inputs":[{"indexed":false,"internalType":"address","name":"account","type":"address"}],"name":"Paused","type":"event"},{"anonymous":false,"inputs":[{"indexed":false,"internalType":"uint256","name":"_tier1CapAmount","type":"uint256"},{"indexed":false,"internalType":"uint256","name":"_tier2CapAmount","type":"uint256"},{"indexed":false,"internalType":"uint256","name":"_tier3CapAmount","type":"uint256"}],"name":"SetTierCapAmount","type":"event"},{"anonymous":false,"inputs":[{"indexed":false,"internalType":"uint256","name":"_tier1StakedAmount","type":"uint256"},{"indexed":false,"internalType":"uint256","name":"_tier2StakedAmount","type":"uint256"},{"indexed":false,"internalType":"uint256","name":"_tier3StakedAmount","type":"uint256"}],"name":"SetTierStakingLimit","type":"event"},{"anonymous":false,"inputs":[{"indexed":false,"internalType":"string","name":"VISTOKEN","type":"string"},{"indexed":false,"internalType":"uint256","name":"capTier1","type":"uint256"},{"indexed":false,"internalType":"uint256","name":"capTier2","type":"uint256"},{"indexed":false,"internalType":"uint256","name":"capTier3","type":"uint256"},{"indexed":false,"internalType":"uint256","name":"capTier4","type":"uint256"}],"name":"SwapCalculateEmit","type":"event"},{"anonymous":false,"inputs":[{"indexed":true,"internalType":"address","name":"owner","type":"address"},{"indexed":false,"internalType":"uint256","name":"capTier1","type":"uint256"},{"indexed":false,"internalType":"uint256","name":"capTier2","type":"uint256"},{"indexed":false,"internalType":"uint256","name":"capTier3","type":"uint256"},{"indexed":false,"internalType":"uint256","name":"capTier4","type":"uint256"},{"indexed":false,"internalType":"uint256","name":"_VisToken","type":"uint256"}],"name":"SwapEmit","type":"event"},{"anonymous":false,"inputs":[{"indexed":false,"internalType":"address","name":"account","type":"address"},{"indexed":false,"internalType":"uint256","name":"amount","type":"uint256"}],"name":"Swapped","type":"event"},{"anonymous":false,"inputs":[{"indexed":false,"internalType":"address","name":"externalAddress","type":"address"},{"indexed":false,"internalType":"address","name":"toAddress","type":"address"},{"indexed":false,"internalType":"uint256","name":"amount","type":"uint256"}],"name":"TokenFromContractTransferred","type":"event"},{"anonymous":false,"inputs":[{"indexed":false,"internalType":"address","name":"token","type":"address"}],"name":"TokenSwapUpdated","type":"event"},{"anonymous":false,"inputs":[{"indexed":false,"internalType":"address","name":"account","type":"address"}],"name":"Unpaused","type":"event"},{"anonymous":false,"inputs":[{"indexed":true,"internalType":"address[]","name":"_userAddress","type":"address[]"},{"indexed":false,"internalType":"uint256[]","name":"stakedAmount","type":"uint256[]"}],"name":"UpdateStakeAmount","type":"event"},{"anonymous":false,"inputs":[{"indexed":true,"internalType":"address","name":"implementation","type":"address"}],"name":"Upgraded","type":"event"},{"anonymous":false,"inputs":[{"indexed":false,"internalType":"bool","name":"enable","type":"bool"}],"name":"blacklistStatusUpdated","type":"event"},{"inputs":[{"internalType":"address","name":"","type":"address"}],"name":"blacklisted","outputs":[{"internalType":"bool","name":"","type":"bool"}],"stateMutability":"view","type":"function"},{"inputs":[],"name":"enableblacklisting","outputs":[{"internalType":"bool","name":"","type":"bool"}],"stateMutability":"view","type":"function"},{"inputs":[{"internalType":"address[]","name":"accounts","type":"address[]"}],"name":"excludeAllFromblacklist","outputs":[],"stateMutability":"nonpayable","type":"function"},{"inputs":[{"internalType":"address","name":"account","type":"address"}],"name":"excludeFromblacklist","outputs":[],"stateMutability":"nonpayable","type":"function"},{"inputs":[{"internalType":"address[]","name":"accounts","type":"address[]"}],"name":"includeAllInblacklist","outputs":[],"stateMutability":"nonpayable","type":"function"},{"inputs":[{"internalType":"address","name":"account","type":"address"}],"name":"includeInblacklist","outputs":[],"stateMutability":"nonpayable","type":"function"},{"inputs":[{"internalType":"address","name":"_swapToken","type":"address"}],"name":"initialize","outputs":[],"stateMutability":"nonpayable","type":"function"},{"inputs":[{"internalType":"address","name":"account","type":"address"}],"name":"isblacklisted","outputs":[{"internalType":"bool","name":"","type":"bool"}],"stateMutability":"view","type":"function"},{"inputs":[],"name":"owner","outputs":[{"internalType":"address","name":"","type":"address"}],"stateMutability":"view","type":"function"},{"inputs":[],"name":"pauseContract","outputs":[],"stateMutability":"nonpayable","type":"function"},{"inputs":[],"name":"paused","outputs":[{"internalType":"bool","name":"","type":"bool"}],"stateMutability":"view","type":"function"},{"inputs":[],"name":"proxiableUUID","outputs":[{"internalType":"bytes32","name":"","type":"bytes32"}],"stateMutability":"view","type":"function"},{"inputs":[],"name":"renounceOwnership","outputs":[],"stateMutability":"nonpayable","type":"function"},{"inputs":[{"internalType":"uint256","name":"_tier1CapAmount","type":"uint256"},{"internalType":"uint256","name":"_tier2CapAmount","type":"uint256"},{"internalType":"uint256","name":"_tier3CapAmount","type":"uint256"}],"name":"setTierCapAmount","outputs":[],"stateMutability":"nonpayable","type":"function"},{"inputs":[{"internalType":"uint256","name":"_tier1StakedAmount","type":"uint256"},{"internalType":"uint256","name":"_tier2StakedAmount","type":"uint256"},{"internalType":"uint256","name":"_tier3StakedAmount","type":"uint256"}],"name":"setTierStakingLimit","outputs":[],"stateMutability":"nonpayable","type":"function"},{"inputs":[{"internalType":"address","name":"","type":"address"}],"name":"stakedAmountOf","outputs":[{"internalType":"uint256","name":"","type":"uint256"}],"stateMutability":"view","type":"function"},{"inputs":[{"internalType":"uint256","name":"_capAmount","type":"uint256"},{"internalType":"uint256","name":"visToken","type":"uint256"}],"name":"swap","outputs":[],"stateMutability":"nonpayable","type":"function"},{"inputs":[{"internalType":"address","name":"_account","type":"address"}],"name":"swapCalculate","outputs":[{"internalType":"string","name":"","type":"string"},{"internalType":"uint256","name":"","type":"uint256"},{"internalType":"uint256","name":"","type":"uint256"},{"internalType":"uint256","name":"","type":"uint256"},{"internalType":"uint256","name":"","type":"uint256"}],"stateMutability":"view","type":"function"},{"inputs":[],"name":"swapToken","outputs":[{"internalType":"contract IERC20Upgradeable","name":"","type":"address"}],"stateMutability":"view","type":"function"},{"inputs":[],"name":"tier1","outputs":[{"internalType":"uint256","name":"","type":"uint256"}],"stateMutability":"view","type":"function"},{"inputs":[],"name":"tier1PreCappedAmount","outputs":[{"internalType":"uint256","name":"","type":"uint256"}],"stateMutability":"view","type":"function"},{"inputs":[],"name":"tier1StakeAmount","outputs":[{"internalType":"uint256","name":"","type":"uint256"}],"stateMutability":"view","type":"function"},{"inputs":[],"name":"tier2","outputs":[{"internalType":"uint256","name":"","type":"uint256"}],"stateMutability":"view","type":"function"},{"inputs":[],"name":"tier2PreCappedAmount","outputs":[{"internalType":"uint256","name":"","type":"uint256"}],"stateMutability":"view","type":"function"},{"inputs":[],"name":"tier2StakeAmount","outputs":[{"internalType":"uint256","name":"","type":"uint256"}],"stateMutability":"view","type":"function"},{"inputs":[],"name":"tier3","outputs":[{"internalType":"uint256","name":"","type":"uint256"}],"stateMutability":"view","type":"function"},{"inputs":[],"name":"tier3PreCappedAmount","outputs":[{"internalType":"uint256","name":"","type":"uint256"}],"stateMutability":"view","type":"function"},{"inputs":[],"name":"tier3StakeAmount","outputs":[{"internalType":"uint256","name":"","type":"uint256"}],"stateMutability":"view","type":"function"},{"inputs":[],"name":"tier4PreCappedAmount","outputs":[{"internalType":"uint256","name":"","type":"uint256"}],"stateMutability":"view","type":"function"},{"inputs":[{"internalType":"address","name":"newOwner","type":"address"}],"name":"transferOwnership","outputs":[],"stateMutability":"nonpayable","type":"function"},{"inputs":[],"name":"unPauseContract","outputs":[],"stateMutability":"nonpayable","type":"function"},{"inputs":[{"internalType":"bool","name":"enable","type":"bool"}],"name":"updateEnableblacklisting","outputs":[],"stateMutability":"nonpayable","type":"function"},{"inputs":[{"internalType":"address[]","name":"_userAddress","type":"address[]"},{"internalType":"uint256[]","name":"stakedAmount","type":"uint256[]"}],"name":"updateStakeAmount","outputs":[],"stateMutability":"nonpayable","type":"function"},{"inputs":[{"internalType":"address","name":"token","type":"address"}],"name":"updateSwapToken","outputs":[],"stateMutability":"nonpayable","type":"function"},{"inputs":[{"internalType":"address","name":"newImplementation","type":"address"}],"name":"upgradeTo","outputs":[],"stateMutability":"nonpayable","type":"function"},{"inputs":[{"internalType":"address","name":"newImplementation","type":"address"},{"internalType":"bytes","name":"data","type":"bytes"}],"name":"upgradeToAndCall","outputs":[],"stateMutability":"payable","type":"function"},{"inputs":[{"internalType":"address","name":"_tokenAddress","type":"address"},{"internalType":"uint256","name":"amount","type":"uint256"}],"name":"withdrawBEP20","outputs":[],"stateMutability":"nonpayable","type":"function"}]