[{"type":"event","name":"AdminChanged","inputs":[{"type":"address","name":"previousAdmin","internalType":"address","indexed":false},{"type":"address","name":"newAdmin","internalType":"address","indexed":false}],"anonymous":false},{"type":"event","name":"Approval","inputs":[{"type":"address","name":"owner","internalType":"address","indexed":true},{"type":"address","name":"spender","internalType":"address","indexed":true},{"type":"uint256","name":"value","internalType":"uint256","indexed":false}],"anonymous":false},{"type":"event","name":"BeaconUpgraded","inputs":[{"type":"address","name":"beacon","internalType":"address","indexed":true}],"anonymous":false},{"type":"event","name":"OwnershipTransferred","inputs":[{"type":"address","name":"previousOwner","internalType":"address","indexed":true},{"type":"address","name":"newOwner","internalType":"address","indexed":true}],"anonymous":false},{"type":"event","name":"Paused","inputs":[{"type":"address","name":"account","internalType":"address","indexed":false}],"anonymous":false},{"type":"event","name":"Transfer","inputs":[{"type":"address","name":"from","internalType":"address","indexed":true},{"type":"address","name":"to","internalType":"address","indexed":true},{"type":"uint256","name":"value","internalType":"uint256","indexed":false}],"anonymous":false},{"type":"event","name":"Unpaused","inputs":[{"type":"address","name":"account","internalType":"address","indexed":false}],"anonymous":false},{"type":"event","name":"Upgraded","inputs":[{"type":"address","name":"implementation","internalType":"address","indexed":true}],"anonymous":false},{"type":"function","stateMutability":"view","outputs":[{"type":"uint256","name":"","internalType":"uint256"}],"name":"allowance","inputs":[{"type":"address","name":"owner","internalType":"address"},{"type":"address","name":"spender","internalType":"address"}]},{"type":"function","stateMutability":"nonpayable","outputs":[{"type":"bool","name":"","internalType":"bool"}],"name":"approve","inputs":[{"type":"address","name":"spender","internalType":"address"},{"type":"uint256","name":"amount","internalType":"uint256"}]},{"type":"function","stateMutability":"view","outputs":[{"type":"uint256","name":"","internalType":"uint256"}],"name":"balanceOf","inputs":[{"type":"address","name":"account","internalType":"address"}]},{"type":"function","stateMutability":"nonpayable","outputs":[{"type":"bool","name":"","internalType":"bool"}],"name":"burn","inputs":[{"type":"uint256","name":"amount","internalType":"uint256"}]},{"type":"function","stateMutability":"view","outputs":[{"type":"uint8","name":"","internalType":"uint8"}],"name":"decimals","inputs":[]},{"type":"function","stateMutability":"nonpayable","outputs":[{"type":"bool","name":"","internalType":"bool"}],"name":"decreaseAllowance","inputs":[{"type":"address","name":"spender","internalType":"address"},{"type":"uint256","name":"subtractedValue","internalType":"uint256"}]},{"type":"function","stateMutability":"nonpayable","outputs":[{"type":"bool","name":"","internalType":"bool"}],"name":"increaseAllowance","inputs":[{"type":"address","name":"spender","internalType":"address"},{"type":"uint256","name":"addedValue","internalType":"uint256"}]},{"type":"function","stateMutability":"nonpayable","outputs":[],"name":"initialize","inputs":[{"type":"string","name":"name_","internalType":"string"},{"type":"string","name":"symbol_","internalType":"string"}]},{"type":"function","stateMutability":"nonpayable","outputs":[{"type":"bool","name":"","internalType":"bool"}],"name":"mint","inputs":[{"type":"uint256","name":"amount","internalType":"uint256"}]},{"type":"function","stateMutability":"view","outputs":[{"type":"string","name":"","internalType":"string"}],"name":"name","inputs":[]},{"type":"function","stateMutability":"view","outputs":[{"type":"address","name":"","internalType":"address"}],"name":"owner","inputs":[]},{"type":"function","stateMutability":"view","outputs":[{"type":"bool","name":"","internalType":"bool"}],"name":"paused","inputs":[]},{"type":"function","stateMutability":"view","outputs":[{"type":"bytes32","name":"","internalType":"bytes32"}],"name":"proxiableUUID","inputs":[]},{"type":"function","stateMutability":"nonpayable","outputs":[],"name":"renounceOwnership","inputs":[]},{"type":"function","stateMutability":"view","outputs":[{"type":"string","name":"","internalType":"string"}],"name":"symbol","inputs":[]},{"type":"function","stateMutability":"view","outputs":[{"type":"uint256","name":"","internalType":"uint256"}],"name":"totalSupply","inputs":[]},{"type":"function","stateMutability":"nonpayable","outputs":[{"type":"bool","name":"","internalType":"bool"}],"name":"transfer","inputs":[{"type":"address","name":"recipient","internalType":"address"},{"type":"uint256","name":"amount","internalType":"uint256"}]},{"type":"function","stateMutability":"nonpayable","outputs":[{"type":"bool","name":"","internalType":"bool"}],"name":"transferFrom","inputs":[{"type":"address","name":"sender","internalType":"address"},{"type":"address","name":"recipient","internalType":"address"},{"type":"uint256","name":"amount","internalType":"uint256"}]},{"type":"function","stateMutability":"nonpayable","outputs":[],"name":"transferOwnership","inputs":[{"type":"address","name":"newOwner","internalType":"address"}]},{"type":"function","stateMutability":"nonpayable","outputs":[],"name":"upgradeTo","inputs":[{"type":"address","name":"newImplementation","internalType":"address"}]},{"type":"function","stateMutability":"payable","outputs":[],"name":"upgradeToAndCall","inputs":[{"type":"address","name":"newImplementation","internalType":"address"},{"type":"bytes","name":"data","internalType":"bytes"}]}]